Workbook

Sheet 说明
A1: 说明书审核清单 · 母版（L1-L9 流程版）· 领域代表版
A3: 一、用途
A4: 本表为母版清单的 Excel 衍生视图，新增「领域代表」与「备注说明」两列
A6: 二、新增两列说明
A7: · 领域代表：该项/该子类的唯一跟进人（人/岗），与公司内部领域代表职责一一对应，确保每个项目都有跟进人。 · 备注说明：跟进人填写——分工边界、例外情形、待办提示等自由备注。 · 现阶段内部无对应领域代表承接的项，统一填「待定」，待有人承接后替换（待定单元格已浅黄高亮）。
A9: 三、层项数汇总（自动统计，勿手改）
A10: 审核对象 | B10: 项数 | C10: 领域代表=待定数 | D10: 已指派数
A11: L1 准入文件 | B11: =COUNTIF('审核清单(L1-L9)'!$A$2:$A$121,A11) -> 15 | C11: =COUNTIFS('审核清单(L1-L9)'!$A$2:$A$121,A11,'审核清单(L1-L9)'!$G$2:$G$121,"待定") -> 15 | D11: =B11-C11 -> 0
A12: L2 产品实物 | B12: =COUNTIF('审核清单(L1-L9)'!$A$2:$A$121,A12) -> 11 | C12: =COUNTIFS('审核清单(L1-L9)'!$A$2:$A$121,A12,'审核清单(L1-L9)'!$G$2:$G$121,"待定") -> 11 | D12: =B12-C12 -> 0
A13: L3 物理载体 | B13: =COUNTIF('审核清单(L1-L9)'!$A$2:$A$121,A13) -> 8 | C13: =COUNTIFS('审核清单(L1-L9)'!$A$2:$A$121,A13,'审核清单(L1-L9)'!$G$2:$G$121,"待定") -> 8 | D13: =B13-C13 -> 0
A14: L4 说明书文本 | B14: =COUNTIF('审核清单(L1-L9)'!$A$2:$A$121,A14) -> 52 | C14: =COUNTIFS('审核清单(L1-L9)'!$A$2:$A$121,A14,'审核清单(L1-L9)'!$G$2:$G$121,"待定") -> 52 | D14: =B14-C14 -> 0
A15: L5 经营主体 | B15: =COUNTIF('审核清单(L1-L9)'!$A$2:$A$121,A15) -> 6 | C15: =COUNTIFS('审核清单(L1-L9)'!$A$2:$A$121,A15,'审核清单(L1-L9)'!$G$2:$G$121,"待定") -> 6 | D15: =B15-C15 -> 0
A16: L6 软件数据 | B16: =COUNTIF('审核清单(L1-L9)'!$A$2:$A$121,A16) -> 8 | C16: =COUNTIFS('审核清单(L1-L9)'!$A$2:$A$121,A16,'审核清单(L1-L9)'!$G$2:$G$121,"待定") -> 8 | D16: =B16-C16 -> 0
A17: L7 受众文化 | B17: =COUNTIF('审核清单(L1-L9)'!$A$2:$A$121,A17) -> 10 | C17: =COUNTIFS('审核清单(L1-L9)'!$A$2:$A$121,A17,'审核清单(L1-L9)'!$G$2:$G$121,"待定") -> 10 | D17: =B17-C17 -> 0
A18: L8 市场宣称 | B18: =COUNTIF('审核清单(L1-L9)'!$A$2:$A$121,A18) -> 4 | C18: =COUNTIFS('审核清单(L1-L9)'!$A$2:$A$121,A18,'审核清单(L1-L9)'!$G$2:$G$121,"待定") -> 4 | D18: =B18-C18 -> 0
A19: L9 动态档案 | B19: =COUNTIF('审核清单(L1-L9)'!$A$2:$A$121,A19) -> 6 | C19: =COUNTIFS('审核清单(L1-L9)'!$A$2:$A$121,A19,'审核清单(L1-L9)'!$G$2:$G$121,"待定") -> 6 | D19: =B19-C19 -> 0
A20: 合计 | B20: =SUM(B11:B19) -> 120 | C20: =SUM(C11:C19) -> 120 | D20: =SUM(D11:D19) -> 0
A22: 四、领域分工参考（仅建议，按贵司实际岗位调整）
A23: 审核对象 | B23: 建议承接职能 | C23: 覆盖内容
A24: L1 准入文件 | B24: 认证 / 注册 | C24: 认证证书、DoC、测试报告、进口与平台注册
A25: L2 产品实物 | B25: 硬件 / RF | C25: 射频、SAR、电池电源、固件、硬件规格实测
A26: L3 物理载体 | B26: 制造 / 包装 / 丝印 | C26: 设备标识、包装标签、警示回收、载体分工
A27: L4 说明书文本 | B27: 说明书 / 文档 | C27: 合规声明、产品信息、消费者保护、本地化、多语言一致性
A28: L5 经营主体 | B28: 法务 / 商务 | C28: 主体资质、授权体系、售后能力
A29: L6 软件数据 | B29: 软件 / 隐私 / App | C29: 隐私政策、儿童保护、数据安全、用户权利
A30: L7 受众文化 | B30: 市场 / 本地化 | C30: 宗教合规、儿童适用、文化接受度
A31: L8 市场宣称 | B31: 市场 / 广告 | C31: 广告合规、宣称边界
A32: L9 动态档案 | B32: 合规 / 流程 | C32: 法规时效、执法与平台、合规档案闭环
A34: 五、维护规则
A35: · 领域代表 / 备注说明属于运营字段，直接在本表维护，无需回写母版。 · 用法：新设国家/项目复制「审核清单(L1-L9)」为该国 sheet，按领域代表分工逐项跟进，在备注说明留痕。

Sheet 审核清单(L1-L9)
A1: 审核对象 | B1: 子类 | C1: # | D1: 检查项 | E1: 审核要点/判定标准 | F1: 证据来源 | G1: 领域代表 | H1: 备注说明
A2: L1 准入文件 | B2: 1.1 认证证书 | C2: 1 | D2: 证书真实性 | E2: 目标国认证证书真实(可在官方库核验:SDPPI/IMDA/FCC等) | F2: 官方认证库 | G2: 待定
A3: L1 准入文件 | B3: 1.1 认证证书 | C3: 2 | D3: 证书有效期 | E3: 证书在有效期内,无过期 | F3: 证书原件 | G3: 待定
A4: L1 准入文件 | B4: 1.1 认证证书 | C4: 3 | D4: 型号覆盖 | E4: 证书覆盖的型号/频段与产品一致 | F4: 证书vs产品 | G4: 待定
A5: L1 准入文件 | B5: 1.1 认证证书 | C5: 4 | D5: 证书持有人 | E5: 证书持有人为目标国本地实体或授权代表 | F5: 证书原件 | G5: 待定
A6: L1 准入文件 | B6: 1.2 符合性声明 | C6: 5 | D6: DoC主体 | E6: DoC声明主体为欧盟/英国/目标国适格实体 | F6: DoC文本 | G6: 待定
A7: L1 准入文件 | B7: 1.2 符合性声明 | C7: 6 | D7: 引用指令/标准 | E7: DoC引用指令/标准正确(非欧盟残留) | F7: DoC文本 | G7: 待定
A8: L1 准入文件 | B8: 1.2 符合性声明 | C8: 7 | D8: DoC链接可达 | E8: DoC完整文本链接可达,不串型号/域名一致 | F8: 实测点击 | G8: 待定
A9: L1 准入文件 | B9: 1.2 符合性声明 | C9: 8 | D9: 简化DoC | E9: 简化DoC含完整地址(如用简化版) | F9: DoC文本 | G9: 待定
A10: L1 准入文件 | B10: 1.3 测试报告 | C10: 9 | D10: SAR测试报告 | E10: SAR测试报告存在,按目标国标准(印度1.6@1g等) | F10: 测试报告 | G10: 待定
A11: L1 准入文件 | B11: 1.3 测试报告 | C11: 10 | D11: EMC/安全报告 | E11: EMC/电气安全测试报告存在 | F11: 测试报告 | G11: 待定
A12: L1 准入文件 | B12: 1.3 测试报告 | C12: 11 | D12: 实验室资质 | E12: 测试实验室具目标国认可资质(ILAC等) | F12: 实验室证书 | G12: 待定
A13: L1 准入文件 | B13: 1.4 电池与运输 | C13: 12 | D13: UN38.3 | E13: 电池UN38.3检测报告 | F13: 电池文件 | G13: 待定
... A121: L9 动态档案 | B121: 9.3 合规档案 | C121: 6 | D121: 整改跟踪 | E121: 整改项跟踪闭环(上次整改落地) | F121: 整改台账 | G121: 待定

Sheet 升级快检（粗审）
A1: # | B1: 复核项 | C1: 审核要点 | D1: 领域代表 | E1: 备注说明
A2: 1 | B2: 四置换复核 | C2: 认证声明 / 责任主体 / SAR / 保修是否随版本变化 | D2: 待定
A3: 2 | B3: 语言同步 | C3: 新版语言是否全部同步，多语言版本一致 | D3: 待定
A4: 3 | B4: 失效信息 | C4: 2G / 3G / 法规时效是否过时 | D4: 待定
A5: 4 | B5: 认证有效期 | C5: 证书是否仍有效，是否更新 | D5: 待定
A6: 5 | B6: 整改落地复核（不可省） | C6: 上次首次审核 / 上版整改项是否已落地 | D6: 待定
A7: 6 | B7: DoC 链接 | C7: 证书链接是否仍可达 | D7: 待定
A8: 7 | B8: 儿童 / 数据 | C8: 儿童数据条款与隐私政策是否更新 | D8: 待定
A9: 8 | B9: 法规时效 | C9: 目标国新规是否影响现有文本 | D9: 待定
